titulo,precio,categoria,cantidad
"The Coming Woman: A Novel Based on the Life of the Infamous Feminist, Victoria Woodhull",17.93,Default,19
A Light in the Attic,51.77,Poetry,22
Tipping the Velvet,53.74,Historical Fiction,20
Soumission,50.1,Fiction,20
The Boys in the Boat: Nine Americans and Their Epic Quest for Gold at the 1936 Berlin Olympics,22.6,Default,19
Sapiens: A Brief History of Humankind,54.23,History,20
The Black Maria,52.15,Poetry,19
The Requiem Red,22.65,Young Adult,19
The Dirty Little Secrets of Getting Your Dream Job,33.34,Business,19
Sharp Objects,47.82,Mystery,20
Shakespeare's Sonnets,20.66,Poetry,19
Scott Pilgrim's Precious Little Life (Scott Pilgrim #1),52.29,Sequential Art,19
Rip it Up and Start Again,35.02,Music,19
"Starving Hearts (Triangular Trade Trilogy, #1)",13.99,Default,19
It's Only the Himalayas,45.17,Travel,19
Set Me Free,17.46,Young Adult,19
Libertarianism for Beginners,51.33,Politics,19
Behind Closed Doors,52.22,Thriller,18
In Her Wake,12.84,Thriller,19
You can't bury them all: Poems,33.63,Poetry,17
"In a Dark, Dark Wood",19.63,Mystery,18
Maude (1883-1993):She Grew Up with the country,18.02,Default,18
Penny Maybe,33.29,Default,18
Sophie's World,15.94,Philosophy,18
The Bear and the Piano,36.89,Childrens,18
The Elephant Tree,23.82,Thriller,18
The Five Love Languages: How to Express Heartfelt Commitment to Your Mate,31.05,Nonfiction,18
The Four Agreements: A Practical Guide to Personal Freedom,17.66,Spirituality,18
Wall and Piece,44.18,Art,18
Worlds Elsewhere: Journeys Around Shakespeare’s Globe,40.3,Nonfiction,18
Aladdin and His Wonderful Lamp,53.13,Default,19
America's Cradle of Quarterbacks: Western Pennsylvania's Football Factory from Johnny Unitas to Joe Montana,22.5,Default,19
Birdsong: A Story in Pictures,54.64,Childrens,19
Black Dust,34.53,Romance,19
"Foolproof Preserving: A Guide to Small Batch Jams, Jellies, Pickles, Condiments, and More: A Foolproof Guide to Making Small Batch Jams, Jellies, Pickles, Condiments, and More",30.52,Food and Drink,19
Mesaerion: The Best Science Fiction Stories 1800-1849,37.59,Science Fiction,19
How Music Works,37.32,Music,19
Olio,23.88,Poetry,19
"Our Band Could Be Your Life: Scenes from the American Indie Underground, 1981-1991",57.25,Music,19
Chase Me (Paris Nights #2),25.27,Romance,19
Reasons to Stay Alive,26.41,Nonfiction,17
Private Paris (Private #10),47.61,Fiction,17
Slow States of Collapse: Poems,57.31,Poetry,17
#HigherSelfie: Wake Up Your Life. Free Your Soul. Find Your Tribe.,23.11,Nonfiction,17
Without Borders (Wanderlove #1),45.07,New Adult,16
Untitled Collection: Sabbath Poems 2014,14.27,Poetry,16
When We Collided,31.77,Contemporary,16
"Unseen City: The Majesty of Pigeons, the Discreet Charm of Snails & Other Wonders of the Urban Wilderness",44.18,Nonfiction,16
Unicorn Tracks,18.78,Fantasy,16
Throwing Rocks at the Google Bus: How Growth Became the Enemy of Prosperity,31.12,Nonfiction,16
Thirst,17.27,Fiction,16
"Unbound: How Eight Technologies Made Us Human, Transformed Society, and Brought Our World to the Brink",25.52,History,16
Tsubasa: WoRLD CHRoNiCLE 2 (Tsubasa WoRLD CHRoNiCLE #2),16.28,Sequential Art,16
The Natural History of Us (The Fine Art of Pretending #2),45.22,Young Adult,16
The Past Never Ends,56.5,Mystery,16
This One Summer,19.49,Sequential Art,16
"We Love You, Charlie Freeman",50.27,Fiction,16
The Secret of Dreadwillow Carse,56.13,Childrens,16
The Torch Is Passed: A Harding Family Story,19.09,Add a comment,16
"The Pioneer Woman Cooks: Dinnertime: Comfort Classics, Freezer Food, 16-Minute Meals, and Other Delicious Ways to Solve Supper!",56.41,Food and Drink,16
The Nameless City (The Nameless City #1),38.16,Sequential Art,16
The Murder That Never Was (Forensic Instincts #5),54.11,Fiction,16
The Most Perfect Thing: Inside (and Outside) a Bird's Egg,42.96,Science,16
The Gutsy Girl: Escapades for Your Life of Epic Adventure,37.13,Nonfiction,16
Princess Between Worlds (Wide-Awake Princess #5),13.34,Fantasy,16
"The Inefficiency Assassin: Time Management Tactics for Working Smarter, Not Longer",20.59,Default,16
"Princess Jellyfish 2-in-1 Omnibus, Vol. 01 (Princess Jellyfish 2-in-1 Omnibus #1)",13.61,Sequential Art,16
The Electric Pencil: Drawings from Inside State Hospital No. 3,56.06,Nonfiction,16
The Life-Changing Magic of Tidying Up: The Japanese Art of Decluttering and Organizing,16.77,Nonfiction,16
The Death of Humanity: and the Case for Life,58.11,Philosophy,16
"Pop Gun War, Volume 1: Gift",18.97,Sequential Art,16
"The Bulletproof Diet: Lose up to a Pound a Day, Reclaim Energy and Focus, Upgrade Your Life",49.05,Health,16
Patience,10.16,Sequential Art,16
"Outcast, Vol. 1: A Darkness Surrounds Him (Outcast #1)",15.44,Sequential Art,16
"The Mindfulness and Acceptance Workbook for Anxiety: A Guide to Breaking Free from Anxiety, Phobias, and Worry Using Acceptance and Commitment Therapy",23.89,Add a comment,16
The Art Forger,40.76,Add a comment,16
"Political Suicide: Missteps, Peccadilloes, Bad Calls, Backroom Hijinx, Sordid Pasts, Rotten Breaks, and Just Plain Dumb Mistakes in the Annals of American Politics",36.28,History,16
The Activist's Tao Te Ching: Ancient Advice for a Modern Revolution,32.24,Spirituality,16
orange: The Complete Collection 1 (orange: The Complete Collection #1),48.41,Sequential Art,16
The Age of Genius: The Seventeenth Century and the Birth of the Modern Mind,19.73,History,16
Spark Joy: An Illustrated Master Class on the Art of Organizing and Tidying Up,41.83,Nonfiction,16
Soul Reader,39.58,Default,16
Online Marketing for Busy Authors: A Step-By-Step Guide,46.35,Self Help,16
Security,39.25,Horror,16
Obsidian (Lux #1),14.86,Young Adult,16
"Saga, Volume 6 (Saga (Collected Editions) #6)",25.02,Fantasy,16
My Paris Kitchen: Recipes and Stories,33.37,Food and Drink,16
"Saga, Volume 5 (Saga (Collected Editions) #5)",51.04,Sequential Art,16
On a Midnight Clear,14.07,Add a comment,16
Masks and Shadows,56.4,Fantasy,16
Immunity: How Elie Metchnikoff Changed the Course of Modern Medicine,57.36,Science,16
"Mama Tried: Traditional Italian Cooking for the Screwed, Crude, Vegan, and Tattooed",14.02,Food and Drink,16
"I Hate Fairyland, Vol. 1: Madly Ever After (I Hate Fairyland (Compilations) #1-5)",29.17,Sequential Art,16
"Rat Queens, Vol. 3: Demons (Rat Queens (Collected Editions) #11-15)",50.4,Sequential Art,16
Reskilling America: Learning to Labor in the Twenty-First Century,19.83,Nonfiction,16
"Lumberjanes, Vol. 2: Friendship to the Max (Lumberjanes #5-8)",46.91,Sequential Art,16
"Lumberjanes, Vol. 1: Beware the Kitten Holy (Lumberjanes #1-4)",45.61,Sequential Art,16
How to Be Miserable: 40 Strategies You Already Use,46.03,Self Help,16
Her Backup Boyfriend (The Sorensen Family #1),33.97,Romance,16
Lumberjanes Vol. 3: A Terrible Plan (Lumberjanes #9-12),19.92,Sequential Art,16
"Giant Days, Vol. 2 (Giant Days #5-8)",22.11,Sequential Art,16
"Layered: Baking, Building, and Styling Spectacular Cakes",40.11,Food and Drink,16
I am a Hero Omnibus Volume 1,54.63,Sequential Art,16
Algorithms to Live By: The Computer Science of Human Decisions,30.81,Nonfiction,16
Judo: Seven Steps to Black Belt (an Introductory Guide for Beginners),53.9,Add a comment,16
Forever and Forever: The Courtship of Henry Longfellow and Fanny Appleton,29.69,Historical Fiction,16
Join,35.67,Science Fiction,16
First and First (Five Boroughs #3),15.97,Romance,16
Fifty Shades Darker (Fifty Shades #2),21.96,Romance,16
A World of Flavor: Your Gluten Free Passport,42.95,Default,16
"A Piece of Sky, a Grain of Rice: A Memoir in Four Meditations",56.76,Default,16
Everydata: The Misinformation Hidden in the Little Data You Consume Every Day,54.35,Nonfiction,16
"Don't Be a Jerk: And Other Practical Advice from Dogen, Japan's Greatest Zen Master",37.97,Religion,16
A Murder in Time,16.64,Mystery,16
A Flight of Arrows (The Pathfinders #2),55.53,Historical Fiction,16
In the Country We Love: My Family Divided,22.0,Nonfiction,16
Danganronpa Volume 1,51.99,Sequential Art,16
A Fierce and Subtle Poison,28.13,Young Adult,16
The Shadow Hero (The Shadow Hero),33.14,Sequential Art,15
Crown of Midnight (Throne of Glass #2),43.29,Fantasy,16
A Court of Thorns and Roses (A Court of Thorns and Roses #1),52.37,Fantasy,16
"Codename Baboushka, Volume 1: The Conclave of Death",36.72,Sequential Art,16
Camp Midnight,17.08,Sequential Art,16
The Secret (The Secret #1),27.37,Default,15
You Are What You Love: The Spiritual Power of Habit,21.87,Religion,15
The Regional Office Is Under Attack!,51.36,Fiction,15
"William Shakespeare's Star Wars: Verily, A New Hope (William Shakespeare's Star Wars #4)",43.3,Science Fiction,15
Burning,28.81,Young Adult,16
Call the Nurse: True Stories of a Country Nurse on a Scottish Isle,29.14,Nonfiction,16
The Psychopath Test: A Journey Through the Madness Industry,36.0,Default,15
(Un)Qualified: How God Uses Broken People to Do Big Things,54.0,Christian,16
The Project,10.65,Science Fiction,15
Tuesday Nights in 1980,21.04,Fiction,15
Tracing Numbers on a Train,41.6,Default,15
Bossypants,49.46,Default,16
"Bitch Planet, Vol. 1: Extraordinary Machine (Bitch Planet (Collected Editions))",37.92,Sequential Art,16
The Power of Now: A Guide to Spiritual Enlightenment,43.54,Nonfiction,15
The Bridge to Consciousness: I'm Writing the Bridge Between Science and Our Old and New Beliefs.,32.0,Default,15
"Avatar: The Last Airbender: Smoke and Shadow, Part 3 (Smoke and Shadow #3)",28.09,Fantasy,16
The Omnivore's Dilemma: A Natural History of Four Meals,38.21,Nonfiction,15
Thomas Jefferson and the Tripoli Pirates: The Forgotten War That Changed American History,59.64,History,15
The Artist's Way: A Spiritual Path to Higher Creativity,38.49,Nonfiction,15
Thirteen Reasons Why,52.72,Default,15
The Nerdy Nummies Cookbook: Sweet Treats for the Geek in All of Us,37.34,Food and Drink,15
Throne of Glass (Throne of Glass #1),35.07,Fantasy,15
The White Cat and the Monk: A Retelling of the Poem “Pangur Bán”,58.08,Childrens,15
The Art of War,33.34,Default,15
The Mistake (Off-Campus #2),43.29,New Adult,15
The Murder of Roger Ackroyd (Hercule Poirot #4),44.1,Mystery,15
The Wedding Dress,24.12,Romance,15
The Argonauts,10.93,Autobiography,15
The Vacationers,42.15,Fiction,15
The Matchmaker's Playbook (Wingmen Inc. #1),55.85,New Adult,15
Suddenly in Love (Lake Haven #1),55.99,Romance,15
The Love and Lemons Cookbook: An Apple-to-Zucchini Celebration of Impromptu Cooking,37.6,Food and Drink,15
The Third Wave: An Entrepreneur’s Vision of the Future,12.61,Business,15
The Long Shadow of Small Ghosts: Murder and Memory in an American City,10.97,Crime,15
The Stranger,17.44,Philosophy,15
Something More Than This,16.24,Romance,15
Soft Apocalypse,26.12,Science Fiction,15
The Kite Runner,41.82,Default,15
The 10% Entrepreneur: Live Your Startup Dream Without Quitting Your Day Job,27.55,Business,15
Miss Peregrine’s Home for Peculiar Children (Miss Peregrine’s Peculiar Children #1),10.76,Default,15
Louisa: The Extraordinary Life of Mrs. Adams,16.85,Biography,15
Modern Romance,28.26,Add a comment,15
Little Red,13.47,Childrens,15
So You've Been Publicly Shamed,12.23,Nonfiction,15
Shoe Dog: A Memoir by the Creator of NIKE,23.99,Business,15
The House by the Lake,36.95,Historical Fiction,15
The Glittering Court (The Glittering Court #1),44.28,Fantasy,15
Library of Souls (Miss Peregrine’s Peculiar Children #3),48.56,Young Adult,15
"Shobu Samurai, Project Aryoku (#3)",29.06,Add a comment,15
The Girl on the Train,55.02,Default,15
Large Print Heart of the Pride,19.15,Default,15
The Genius of Birds,17.24,Nonfiction,15
Secrets and Lace (Fatal Hearts #1),20.27,Default,15
I Had a Nice Time And Other Lies...: How to find love & sh*t like that,57.36,Womens Fiction,15
"Daring Greatly: How the Courage to Be Vulnerable Transforms the Way We Live, Love, Parent, and Lead",19.43,Nonfiction,15
Dark Notes,19.19,Erotica,15
Scarlett Epstein Hates It Here,43.55,Young Adult,15
Hollow City (Miss Peregrine’s Peculiar Children #2),42.98,Fantasy,15
The Emerald Mystery,23.15,Default,15
Romero and Juliet: A Tragic Tale of Love and Zombies,36.94,Default,15
The Cookies & Cups Cookbook: 125+ sweet & savory recipes reminding you to Always Eat Dessert First,41.25,Food and Drink,15
Chasing Heaven: What Dying Taught Me About Living,37.8,Spirituality,15
Redeeming Love,20.47,Christian Fiction,15
Close to You,49.46,Christian Fiction,15
Full Moon over Noah’s Ark: An Odyssey to Mount Ararat and Beyond,49.43,Travel,15
Big Magic: Creative Living Beyond Fear,30.8,Nonfiction,15
Grumbles,22.16,Default,15
Poses for Artists Volume 1 - Dynamic and Sitting Poses: An Essential Reference for Figure Drawing and the Human Form,41.06,Default,15
Whole Lotta Creativity Going On: 60 Fun and Unusual Exercises to Awaken and Strengthen Your Creativity,38.2,Nonfiction,14
Becoming Wise: An Inquiry into the Mystery and Art of Living,27.43,Nonfiction,15
Frostbite (Vampire Academy #2),29.99,Young Adult,15
Poems That Make Grown Women Cry,14.19,Poetry,15
What's It Like in Space?: Stories from Astronauts Who've Been There,19.6,Nonfiction,14
Beauty Restored (Riley Family Legacy Novellas #3),11.11,Default,15
Batman: The Long Halloween (Batman),36.5,Sequential Art,15
First Steps for New Christians (Print Edition),29.0,Default,15
"Nightingale, Sing",38.28,Young Adult,15
"We Are Robin, Vol. 1: The Vigilante Business (We Are Robin #1)",53.9,Sequential Art,14
Follow You Home,21.36,Horror,15
Night Sky with Exit Wounds,41.05,Poetry,15
Walt Disney's Alice in Wonderland,12.96,Childrens,14
Mrs. Houdini,30.25,Historical Fiction,15
Finders Keepers (Bill Hodges Trilogy #2),53.53,Fiction,15
Batman: The Dark Knight Returns (Batman),15.38,Sequential Art,15
V for Vendetta (V for Vendetta Complete),37.1,Default,14
"Fables, Vol. 1: Legends in Exile (Fables #1)",41.62,Sequential Art,15
Ayumi's Violin,15.48,Default,15
The Power of Habit: Why We Do What We Do in Life and Business,16.88,Default,14
Until Friday Night (The Field Party #1),46.31,Young Adult,14
Anonymous,46.82,Default,15
The Marriage of Opposites,28.08,Historical Fiction,14
Eureka Trivia 6.0,54.59,Default,15
"Unbroken: A World War II Story of Survival, Resilience, and Redemption",45.95,Default,14
Amy Meets the Saints and Sages,18.46,Default,15
Drive: The Surprising Truth About What Motivates Us,34.95,Default,15
The Lucifer Effect: Understanding How Good People Turn Evil,10.4,Psychology,14
Twenty Yawns,22.08,Childrens,14
The Long Haul (Diary of a Wimpy Kid #9),44.07,Humor,14
Done Rubbed Out (Reightman & Bailey #1),37.72,Default,15
Amid the Chaos,36.58,Cultural,15
Amatus,50.54,Default,15
Doing It Over (Most Likely To #1),35.61,Romance,15
Agnostic: A Spirited Manifesto,12.51,Nonfiction,15
"Deliciously Ella Every Day: Quick and Easy Recipes for Gluten-Free Snacks, Packed Lunches, and Simple Meals",42.16,Food and Drink,15
The Loney,23.4,Horror,14
Through the Woods,25.38,Sequential Art,14
This Is Where It Ends,27.12,Young Adult,14
The Literature Book (Big Ideas Simply Explained),17.43,Nonfiction,14
The Year of Magical Thinking,43.04,Nonfiction,14
Swell: A Year of Waves,45.58,Nonfiction,14
The Last Mile (Amos Decker #2),54.21,Mystery,14
The Wright Brothers,56.8,Default,14
You (You #1),43.61,Thriller,14
Zealot: The Life and Times of Jesus of Nazareth,24.7,History,14
Superman Vol. 1: Before Truth (Superman by Gene Luen Yang #1),11.89,Sequential Art,14
The Immortal Life of Henrietta Lacks,40.67,Add a comment,14
Still Life with Bread Crumbs,26.41,Fiction,14
The Hidden Oracle (The Trials of Apollo #1),52.26,Fantasy,14
The White Queen (The Cousins' War #1),25.91,Add a comment,14
"Wonder Woman: Earth One, Volume One (Wonder Woman: Earth One #1)",37.34,Sequential Art,14
The Wedding Pact (The O'Malleys #2),32.61,Romance,14
Steve Jobs,39.5,Default,14
Wild Swans,14.36,Young Adult,14
The Help Yourself Cookbook for Kids: 60 Easy Plant-Based Recipes Kids Can Make to Stay Healthy and Save the Earth,28.77,Food and Drink,14
Sorting the Beef from the Bull: The Science of Food Fraud Forensics,44.74,Science,14
The Guilty (Will Robie #4),13.82,Thriller,14
The Time Keeper,27.88,Fiction,14
Why the Right Went Wrong: Conservatism--From Goldwater to the Tea Party and Beyond,52.65,Politics,14
The Testament of Mary,52.67,Fiction,14
Someone Like You (The Harrisons #2),52.79,Contemporary,14
The Star-Touched Queen,46.02,Fantasy,14
The First Hostage (J.B. Collins #2),25.85,Fiction,14
"So Cute It Hurts!!, Vol. 6 (So Cute It Hurts!! #6)",35.43,Sequential Art,14
The Songs of the Gods,44.48,Default,14
My Name Is Lucy Barton,41.56,Fiction,14
The Dovekeepers,48.78,Add a comment,14
The Darkest Lie,35.35,Young Adult,14
Shtum,55.84,Fiction,14
My Mrs. Brown,24.48,Fiction,14
The Song of Achilles,37.4,Add a comment,14
See America: A Celebration of Our National Parks & Treasured Sites,48.87,Travel,14
My Kind of Crazy,40.36,Young Adult,14
The Bane Chronicles (The Bane Chronicles #1-11),44.73,Fantasy,14
The Rosie Project (Don Tillman #1),54.04,Default,14
salt.,46.78,Poetry,14
The Bad-Ass Librarians of Timbuktu: And Their Race to Save the World’s Most Precious Manuscripts,15.77,Nonfiction,14
Mr. Mercedes (Bill Hodges Trilogy #1),28.9,Fiction,14
Hold Your Breath (Search and Rescue #1),28.82,Romance,14
More Than Music (Chasing the Dream #1),37.61,Add a comment,14
Robin War,47.82,Sequential Art,14
The 14th Colony (Cotton Malone #11),39.24,Thriller,14
Hamilton: The Revolution,58.79,Nonfiction,14
Made to Stick: Why Some Ideas Survive and Others Die,38.85,Business,14
That Darkness (Gardiner and Renner #1),13.92,Mystery,14
"Red Hood/Arsenal, Vol. 1: Open for Business (Red Hood/Arsenal #1)",25.48,Sequential Art,14
Luis Paints the World,53.95,Childrens,14
Greek Mythic History,10.23,Default,14
Tastes Like Fear (DI Marnie Rome #3),10.69,Mystery,14
Rain Fish,23.57,Childrens,14
God: The Most Unpleasant Character in All Fiction,30.03,Religion,14
Luckiest Girl Alive,49.83,Default,14
"Quarter Life Poetry: Poems for the Young, Broke and Hangry",50.89,Poetry,14
Take Me with You,45.21,Fiction,14
Lowriders to the Center of the Earth (Lowriders in Space #2),51.51,Sequential Art,14
Pet Sematary,10.56,Horror,14
Feathers: Displays of Brilliant Plumage,49.05,Art,14
Love Is a Mix Tape (Music #1),18.03,Music,14
"Overload: How to Unplug, Unwind, and Unleash Yourself from the Pressure of Stress",52.15,Self Help,14
Glory over Everything: Beyond The Kitchen House,45.84,Historical Fiction,14
Once Was a Time,18.28,Childrens,14
Looking for Lovely: Collecting the Moments that Matter,29.14,Nonfiction,14
"Far & Away: Places on the Brink of Change: Seven Continents, Twenty-Five Years",15.06,Nonfiction,14
Old School (Diary of a Wimpy Kid #10),11.83,Humor,14
Code Name Verity (Code Name Verity #1),22.13,Add a comment,14
Every Last Word,46.47,Default,14
"Living Leadership by Insight: A Good Leader Achieves, a Great Leader Builds Monuments",46.91,Default,14
Let It Out: A Journey Through Journaling,26.79,Nonfiction,14
Eligible (The Austen Project #4),27.09,Fiction,14
No Dream Is Too High: Life Lessons From a Man Who Walked on the Moon,21.95,Nonfiction,14
"Naruto (3-in-1 Edition), Vol. 14: Includes Vols. 40, 41 & 42 (Naruto: Omnibus #14)",38.39,Sequential Art,14
El Deafo,57.62,Sequential Art,14
Lady Midnight (The Dark Artifices #1),16.28,Default,14
Clockwork Angel (The Infernal Devices #1),44.14,Default,14
City of Glass (The Mortal Instruments #3),56.02,Fantasy,14
Eight Hundred Grapes,14.39,Fiction,14
"It's All Easy: Healthy, Delicious Weeknight Meals in under 30 Minutes",19.55,Food and Drink,14
City of Fallen Angels (The Mortal Instruments #4),11.23,Default,14
City of Bones (The Mortal Instruments #1),43.28,Default,14
"Eaternity: More than 150 Deliciously Easy Vegan Recipes for a Long, Healthy, Satisfied, Joyful Life",51.75,Nonfiction,14
"Eat Fat, Get Thin",54.07,Health,14
I Am Pilgrim (Pilgrim #1),10.6,Fiction,14
City of Ashes (The Mortal Instruments #2),47.27,Default,14
Cell,20.29,Add a comment,14
Island of Dragons (Unwanteds #7),29.65,Fantasy,14
I Know What I'm Doing -- and Other Lies I Tell Myself: Dispatches from a Life Under Construction,25.98,Humor,14
Don't Get Caught,55.35,Young Adult,14
"Hush, Hush (Hush, Hush #1)",47.02,Default,14
"Hyperbole and a Half: Unfortunate Situations, Flawed Coping Mechanisms, Mayhem, and Other Things That Happened",14.75,Humor,14
Doctor Sleep (The Shining #2),40.12,Horror,14
Catching Jordan (Hundred Oaks),50.83,Young Adult,14
"Carry On, Warrior: Thoughts on Life Unarmed",31.85,Default,14
All the Light We Cannot See,29.87,Historical,14
Carrie,46.23,Default,14
Dear Mr. Knightley,11.21,Fiction,14
Demigods & Magicians: Percy and Annabeth Meet the Kanes (Percy Jackson & Kane Chronicles Crossover #1-3),37.51,Fantasy,14
Daily Fantasy Sports,36.58,Default,14
Crazy Love: Overwhelmed by a Relentless God,47.72,Christian,14
"Adulthood Is a Myth: A ""Sarah's Scribbles"" Collection",10.9,Sequential Art,14
Buying In: The Secret Dialogue Between What We Buy and Who We Are,37.8,Nonfiction,14
Brain on Fire: My Month of Madness,49.32,Nonfiction,14
Abstract City,56.37,Nonfiction,14
A Time of Torment (Charlie Parker #14),48.35,Mystery,14
Cometh the Hour (The Clifton Chronicles #6),25.01,Fiction,14
A Study in Scarlet (Sherlock Holmes #1),16.73,Mystery,14
Batman: Europa,32.01,Sequential Art,14
Barefoot Contessa Back to Basics,28.01,Food and Drink,14
"A Series of Catastrophes and Miracles: A True Story of Love, Science, and Cancer",56.48,Add a comment,14
Balloon Animals,17.03,Fiction,14
Barefoot Contessa at Home: Everyday Recipes You'll Make Over and Over Again,50.62,Food and Drink,14
A People's History of the United States,40.79,Add a comment,14
The Midnight Watch: A Novel of the Titanic and the Californian,26.2,Add a comment,12
A Man Called Ove,39.72,Fiction,14
Art Ops Vol. 1,48.8,Sequential Art,14
Aristotle and Dante Discover the Secrets of the Universe (Aristotle and Dante Discover the Secrets of the Universe #1),58.14,Young Adult,14
The Gray Rhino: How to Recognize and Act on the Obvious Dangers We Ignore,59.15,Add a comment,12
A Distant Mirror: The Calamitous 14th Century,14.58,History,14
Angels Walking (Angels Walking #1),34.2,Add a comment,14
The Golden Condom: And Other Essays on Love Lost and Found,39.43,Psychology,12
A Brush of Wings (Angels Walking #3),55.51,Add a comment,14
The Lonely City: Adventures in the Art of Being Alone,33.26,Nonfiction,12
1491: New Revelations of the Americas Before Columbus,21.8,History,14
Angels & Demons (Robert Langdon #1),51.48,Default,14
The Epidemic (The Program 0.6),14.44,Young Adult,12
"The Three Searches, Meaning, and the Story",13.33,Default,13
Hide Away (Eve Duncan #20),11.84,Mystery,12
The Dinner Party,56.54,Fiction,12
Everyday Italian: 125 Simple and Delicious Recipes,20.1,Food and Drink,12
The Diary of a Young Girl,59.9,Nonfiction,12
Searching for Meaning in Gailana,38.73,Fantasy,13
The Children,11.88,Add a comment,12
Rook,37.86,Add a comment,13
Eleanor & Park,56.51,Default,12
Snatched: How A Drug Queen Went Undercover for the DEA and Was Kidnapped By Colombian Guerillas,21.21,Nonfiction,12
Equal Is Unfair: America's Misguided Fight Against Income Inequality,56.86,Politics,12
My Kitchen Year: 136 Recipes That Saved My Life,11.53,Food and Drink,13
Stars Above (The Lunar Chronicles #4.5),48.05,Young Adult,12
13 Hours: The Inside Account of What Really Happened In Benghazi,27.06,Nonfiction,13
Raspberry Pi Electronics Projects for the Evil Genius,49.67,Default,12
Will You Won't You Want Me?,13.86,Womens Fiction,12
Quench Your Own Thirst: Business Lessons Learned Over a Beer or Two,43.14,Business,12
Can You Keep a Secret? (Fear Street Relaunch #4),48.64,Horror,12
Dirty (Dive Bar #1),40.83,Romance,12
Tipping Point for Planet Earth: How Close Are We to the Edge?,37.55,Science,12
Furiously Happy: A Funny Book About Horrible Things,41.46,Nonfiction,12
Boar Island (Anna Pigeon #19),59.48,Mystery,12
Psycho: Sanitarium (Psycho #1.5),36.97,Horror,12
The Star-Touched Queen,32.3,Fantasy,12
Mothering Sunday,13.34,Fiction,11
Poisonous (Max Revere Novels #3),26.8,Mystery,12
A Paris Apartment,39.01,Historical Fiction,12
"Mother, Can You Not?",16.89,Nonfiction,11
"A la Mode: 120 Recipes in 60 Pairings: Pies, Tarts, Cakes, Crisps, and More Topped with Ice Cream, Gelato, Frozen Custard, and More",38.77,Food and Drink,12
One with You (Crossfire #5),15.71,Add a comment,12
M Train,27.18,Autobiography,11
The Silent Sister (Riley MacPherson #1),46.29,Fiction,12
No Love Allowed (Dodge Cove #1),54.65,Young Adult,12
Troublemaker: Surviving Hollywood and Scientology,48.39,Default,11
The Widow,27.26,Mystery,11
Murder at the 42nd Street Library (Raymond Ambler #1),54.36,Mystery,12
Lilac Girls,17.28,Historical Fiction,11
Without Shame,48.27,Add a comment,9
Lies and Other Acts of Love,45.14,Fiction,11
"The Sleep Revolution: Transforming Your Life, One Night at a Time",11.68,Nonfiction,11
Most Wanted,35.28,Mystery,12
Watchmen,58.05,Add a comment,9
Lab Girl,40.85,Autobiography,11
The Improbability of Love,59.45,Fiction,11
"Love, Lies and Spies",20.55,Historical Fiction,12
Unlimited Intuition Now,58.87,Default,9
It Didn't Start with You: How Inherited Family Trauma Shapes Who We Are and How to End the Cycle,56.27,Psychology,11
How to Speak Golf: An Illustrated Guide to Links Lingo,58.32,Default,12
The Art of Startup Fundraising,21.0,Business,11
Take Me Home Tonight (Rock Star Romance #3),53.98,Romance,11
Chernobyl 01:23:40: The Incredible True Story of the World's Worst Nuclear Disaster,35.92,Nonfiction,9
Underlying Notes,11.82,Default,9
Grey (Fifty Shades #4),48.49,Womens Fiction,11
The Shack,28.03,Fiction,9
Sleeping Giants (Themis Files #1),48.74,Science Fiction,11
Keep Me Posted,20.46,Womens Fiction,11
Art and Fear: Observations on the Perils (and Rewards) of Artmaking,48.63,Art,9
"Setting the World on Fire: The Brief, Astonishing Life of St. Catherine of Siena",21.15,Biography,11
The New Brand You: Your New Image Makes the Sale for You,44.05,Default,9
"Exit, Pursued by a Bear",51.34,Young Adult,11
A Shard of Ice (The Black Symphony Saga #1),56.63,Fantasy,9
"The Moosewood Cookbook: Recipes from Moosewood Restaurant, Ithaca, New York",12.34,Food and Drink,9
Daredevils,16.34,Fiction,11
The Flowers Lied,16.68,Default,9
A Hero's Curse (The Unseen Chronicles #1),50.49,Add a comment,9
Cravings: Recipes for What You Want to Eat,20.5,Food and Drink,11
Born for This: How to Find the Work You Were Meant to Do,21.59,Business,11
23 Degrees South: A Tropical Tale of Changing Whether...,35.79,Add a comment,9
Off the Hook (Fishing for Trouble #1),47.67,Romance,11
"The Fabric of the Cosmos: Space, Time, and the Texture of Reality",55.91,Science,9
Playing with Fire,13.71,Mystery,11
"Zero to One: Notes on Startups, or How to Build the Future",34.06,Nonfiction,8
The Book of Mormon,24.57,Religion,9
Arena,21.36,Science Fiction,11
Roller Girl,14.1,Sequential Art,8
The Art and Science of Low Carbohydrate Living,52.98,Health,9
Why Not Me?,17.76,Nonfiction,8
When Breath Becomes Air,39.36,Nonfiction,8
A Mother's Reckoning: Living in the Aftermath of Tragedy,19.53,Nonfiction,11
Rising Strong,21.82,Nonfiction,8
The Alien Club,54.4,Young Adult,9
Vagabonding: An Uncommon Guide to the Art of Long-Term World Travel,36.94,Travel,8
Proofs of God: Classical Arguments from Tertullian to Barth,54.21,Philosophy,8
Suzie Snowflake: One beautiful flake (a self-esteem story),54.81,Novels,9
Adultery,20.88,Default,11
A Gentleman's Position (Society of Gentlemen #3),14.75,Romance,11
Nap-a-Roo,25.08,Childrens,9
Please Kill Me: The Uncensored Oral History of Punk,31.19,Music,8
The Unlikely Pilgrimage of Harold Fry (Harold Fry #1),43.62,Default,8
"10% Happier: How I Tamed the Voice in My Head, Reduced Stress Without Losing My Edge, and Found Self-Help That Actually Works",24.57,Nonfiction,10
Out of Print: City Lights Spotlight No. 14,53.64,Poetry,8
11/22/63,48.48,Fiction,11
The New Drawing on the Right Side of the Brain,43.02,Art,8
Heaven is for Real: A Little Boy's Astounding Story of His Trip to Heaven and Back,52.86,Default,8
"NaNo What Now? Finding your editing process, revising your NaNoWriMo book and building a writing career through publishing and beyond",10.41,Default,9
Future Shock (Future Shock #1),55.65,Young Adult,8
My Life Next Door (My Life Next Door ),36.39,Young Adult,8
Modern Day Fables,47.44,Default,9
"The Midnight Assassin: Panic, Scandal, and the Hunt for America's First Serial Killer",28.45,Nonfiction,8
Miller's Valley,58.54,Fiction,8
10-Day Green Smoothie Cleanse: Lose Up to 15 Pounds in 10 Days!,49.71,Health,10
The Martian (The Martian #1),41.39,Default,8
Ender's Game (The Ender Quintet #1),43.64,Default,8
Diary of a Citizen Scientist: Chasing Tiger Beetles and Other New Ways of Engaging the World,28.41,Science,8
The High Mountains of Portugal,51.15,Fiction,8
Man's Search for Meaning,29.48,Nonfiction,8
"Fruits Basket, Vol. 9 (Fruits Basket #9)",33.95,Sequential Art,9
If I Gave You God's Phone Number....: Searching for Spirituality in America,20.91,Spirituality,9
"Love That Boy: What Two Presidents, Eight Road Trips, and My Son Taught Me About a Parent's Expectations",25.06,Nonfiction,8
The Grownup,35.88,Short Stories,8
Dress Your Family in Corduroy and Denim,43.68,Humor,9
Death by Leisure: A Cautionary Tale,37.51,Default,8
Living Forward: A Proven Plan to Stop Drifting and Get the Life You Want,12.55,Nonfiction,8
The E-Myth Revisited: Why Most Small Businesses Don't Work and What to Do About It,36.91,Business,8
Don't Forget Steven,33.23,Young Adult,9
Brilliant Beacons: A History of the American Lighthouse,11.45,History,8
South of Sunshine,28.93,Young Adult,8
Les Fleurs du Mal,29.04,Poetry,8
Brazen: The Courage to Find the You That's Been Hiding,19.22,Nonfiction,8
The Story of Art,41.14,Art,7
Smarter Faster Better: The Secrets of Being Productive in Life and Business,38.89,Nonfiction,8
Left Behind (Left Behind #1),40.72,Default,8
Between the World and Me,56.91,Nonfiction,8
The Origin of Species,10.01,Science,7
Kill 'Em and Leave: Searching for James Brown and the American Soul,45.05,Music,8
Silence in the Dark (Logan Point #4),58.33,Suspense,8
Being Mortal: Medicine and What Matters in the End,55.06,Nonfiction,8
The Great Gatsby,36.05,Default,7
Shadows of the Past (Logan Point #1),39.67,Christian Fiction,8
Kierkegaard: A Christian Missionary to Christians,47.13,Philosophy,8
"A Murder Over a Girl: Justice, Gender, Junior High",13.2,Nonfiction,8
The Good Girl,49.03,Default,7
John Vassos: Industrial Design for Modern Life,20.22,Default,8
Nightstruck: A Novel,50.35,Young Adult,7
The Glass Castle,16.24,Add a comment,7
32 Yolks,53.63,Food and Drink,8
"Naturally Lean: 125 Nourishing Gluten-Free, Plant-Based Recipes--All Under 300 Calories",11.38,Food and Drink,7
The Faith of Christopher Hitchens: The Restless Soul of the World's Most Notorious Atheist,39.55,Biography,7
"""Most Blessed of the Patriarchs"": Thomas Jefferson and the Empire of the Imagination",44.48,History,8
I'll Give You the Sun,56.48,Default,8
I Will Find You,44.21,Nonfiction,8
You Are a Badass: How to Stop Doubting Your Greatness and Start Living an Awesome Life,12.08,Self Help,7
The Drowning Girls,35.67,Add a comment,7
Hystopia: A Novel,21.96,Fiction,8
